"palabra","idioma"
"1","spanish"
"2","spanish"
"3","spanish"
"4","spanish"
"5","spanish"
"6","spanish"
"7","spanish"
"8","spanish"
"9","spanish"
"_","spanish"
"a","spanish"
"actualmente","spanish"
"acuerdo","spanish"
"adelante","spanish"
"ademas","spanish"
"adrede","spanish"
"afirmo","spanish"
"agrego","spanish"
"ahi","spanish"
"ahora","spanish"
"al","spanish"
"algo","spanish"
"alguna","spanish"
"algunas","spanish"
"alguno","spanish"
"algunos","spanish"
"algún","spanish"
"alli","spanish"
"alrededor","spanish"
"ambos","spanish"
"ampleamos","spanish"
"antano","spanish"
"antaño","spanish"
"ante","spanish"
"anterior","spanish"
"antes","spanish"
"apenas","spanish"
"aproximadamente","spanish"
"aquel","spanish"
"aquella","spanish"
"aquellas","spanish"
"aquello","spanish"
"aquellos","spanish"
"aqui","spanish"
"arriba","spanish"
"arribaabajo","spanish"
"aseguro","spanish"
"asi","spanish"
"atras","spanish"
"aun","spanish"
"aunque","spanish"
"ayer","spanish"
"añadio","spanish"
"aún","spanish"
"b","spanish"
"bajo","spanish"
"bastante","spanish"
"bien","spanish"
"breve","spanish"
"buen","spanish"
"buena","spanish"
"buenas","spanish"
"bueno","spanish"
"buenos","spanish"
"c","spanish"
"cada","spanish"
"casi","spanish"
"cerca","spanish"
"cierta","spanish"
"ciertas","spanish"
"cierto","spanish"
"ciertos","spanish"
"cinco","spanish"
"claro","spanish"
"comento","spanish"
"como","spanish"
"con","spanish"
"conmigo","spanish"
"conocer","spanish"
"conseguimos","spanish"
"conseguir","spanish"
"considera","spanish"
"considero","spanish"
"consigo","spanish"
"consigue","spanish"
"consiguen","spanish"
"consigues","spanish"
"contigo","spanish"
"contra","spanish"
"cosas","spanish"
"creo","spanish"
"cual","spanish"
"cuales","spanish"
"cualquier","spanish"
"cuando","spanish"
"cuanta","spanish"
"cuantas","spanish"
"cuanto","spanish"
"cuantos","spanish"
"cuatro","spanish"
"cuenta","spanish"
"d","spanish"
"da","spanish"
"dado","spanish"
"dan","spanish"
"dar","spanish"
"de","spanish"
"debajo","spanish"
"debe","spanish"
"deben","spanish"
"debido","spanish"
"decir","spanish"
"dejo","spanish"
"del","spanish"
"delante","spanish"
"demasiado","spanish"
"demas","spanish"
"dentro","spanish"
"deprisa","spanish"
"desde","spanish"
"despacio","spanish"
"despues","spanish"
"detras","spanish"
"dia","spanish"
"dias","spanish"
"dice","spanish"
"dicen","spanish"
"dicho","spanish"
"dieron","spanish"
"diferente","spanish"
"diferentes","spanish"
"dijeron","spanish"
"dijo","spanish"
"dio","spanish"
"donde","spanish"
"dos","spanish"
"durante","spanish"
"e","spanish"
"ejemplo","spanish"
"el","spanish"
"ella","spanish"
"ellas","spanish"
"ello","spanish"
"ellos","spanish"
"embargo","spanish"
"empleais","spanish"
"emplean","spanish"
"emplear","spanish"
"empleas","spanish"
"empleo","spanish"
"en","spanish"
"encima","spanish"
"encuentra","spanish"
"enfrente","spanish"
"enseguida","spanish"
"entonces","spanish"
"entre","spanish"
"era","spanish"
"erais","spanish"
"eramos","spanish"
"eran","spanish"
"eras","spanish"
"eres","spanish"
"es","spanish"
"esa","spanish"
"esas","spanish"
"ese","spanish"
"eso","spanish"
"esos","spanish"
"esta","spanish"
"estaba","spanish"
"estabais","spanish"
"estaban","spanish"
"estabas","spanish"
"estad","spanish"
"estada","spanish"
"estadas","spanish"
"estado","spanish"
"estados","spanish"
"estais","spanish"
"estamos","spanish"
"estan","spanish"
"estando","spanish"
"estar","spanish"
"estaremos","spanish"
"estara","spanish"
"estaran","spanish"
"estaras","spanish"
"estare","spanish"
"estareis","spanish"
"estaria","spanish"
"estariais","spanish"
"estariamos","spanish"
"estarian","spanish"
"estarias","spanish"
"estas","spanish"
"este","spanish"
"estemos","spanish"
"esto","spanish"
"estos","spanish"
"estoy","spanish"
"estuve","spanish"
"estuviera","spanish"
"estuvierais","spanish"
"estuvieran","spanish"
"estuvieras","spanish"
"estuvieron","spanish"
"estuviese","spanish"
"estuvieseis","spanish"
"estuviesen","spanish"
"estuvieses","spanish"
"estuvimos","spanish"
"estuviste","spanish"
"estuvisteis","spanish"
"estuvieramos","spanish"
"estuviesemos","spanish"
"estuvo","spanish"
"estabamos","spanish"
"esteis","spanish"
"esten","spanish"
"estes","spanish"
"ex","spanish"
"excepto","spanish"
"existe","spanish"
"existen","spanish"
"explico","spanish"
"expreso","spanish"
"f","spanish"
"fin","spanish"
"final","spanish"
"fue","spanish"
"fuera","spanish"
"fuerais","spanish"
"fueran","spanish"
"fueras","spanish"
"fueron","spanish"
"fuese","spanish"
"fueseis","spanish"
"fuesen","spanish"
"fueses","spanish"
"fui","spanish"
"fuimos","spanish"
"fuiste","spanish"
"fuisteis","spanish"
"fueramos","spanish"
"fuesemos","spanish"
"g","spanish"
"general","spanish"
"gran","spanish"
"grandes","spanish"
"gueno","spanish"
"h","spanish"
"ha","spanish"
"haber","spanish"
"habia","spanish"
"habida","spanish"
"habidas","spanish"
"habido","spanish"
"habidos","spanish"
"habiendo","spanish"
"habla","spanish"
"hablan","spanish"
"habremos","spanish"
"habra","spanish"
"habran","spanish"
"habras","spanish"
"habre","spanish"
"habreis","spanish"
"habria","spanish"
"habriais","spanish"
"habriamos","spanish"
"habrian","spanish"
"habrias","spanish"
"habeis","spanish"
"habiais","spanish"
"habiamos","spanish"
"habian","spanish"
"habias","spanish"
"hace","spanish"
"haceis","spanish"
"hacemos","spanish"
"hacen","spanish"
"hacer","spanish"
"hacerlo","spanish"
"haces","spanish"
"hacia","spanish"
"haciendo","spanish"
"hago","spanish"
"han","spanish"
"has","spanish"
"hasta","spanish"
"hay","spanish"
"haya","spanish"
"hayamos","spanish"
"hayan","spanish"
"hayas","spanish"
"hayais","spanish"
"he","spanish"
"hecho","spanish"
"hemos","spanish"
"hicieron","spanish"
"hizo","spanish"
"horas","spanish"
"hoy","spanish"
"hube","spanish"
"hubiera","spanish"
"hubierais","spanish"
"hubieran","spanish"
"hubieras","spanish"
"hubieron","spanish"
"hubiese","spanish"
"hubieseis","spanish"
"hubiesen","spanish"
"hubieses","spanish"
"hubimos","spanish"
"hubiste","spanish"
"hubisteis","spanish"
"hubieramos","spanish"
"hubiesemos","spanish"
"hubo","spanish"
"i","spanish"
"igual","spanish"
"incluso","spanish"
"indico","spanish"
"informo","spanish"
"intenta","spanish"
"intentais","spanish"
"intentamos","spanish"
"intentan","spanish"
"intentar","spanish"
"intentas","spanish"
"intento","spanish"
"ir","spanish"
"j","spanish"
"junto","spanish"
"k","spanish"
"l","spanish"
"la","spanish"
"lado","spanish"
"largo","spanish"
"las","spanish"
"le","spanish"
"lejos","spanish"
"les","spanish"
"llego","spanish"
"lleva","spanish"
"llevar","spanish"
"lo","spanish"
"los","spanish"
"luego","spanish"
"lugar","spanish"
"m","spanish"
"mal","spanish"
"manera","spanish"
"manifesto","spanish"
"mas","spanish"
"mayor","spanish"
"me","spanish"
"mediante","spanish"
"medio","spanish"
"mejor","spanish"
"menciono","spanish"
"menos","spanish"
"menudo","spanish"
"mi","spanish"
"mia","spanish"
"mias","spanish"
"mientras","spanish"
"mio","spanish"
"mios","spanish"
"mis","spanish"
"misma","spanish"
"mismas","spanish"
"mismo","spanish"
"mismos","spanish"
"modo","spanish"
"momento","spanish"
"mucha","spanish"
"muchas","spanish"
"mucho","spanish"
"muchos","spanish"
"muy","spanish"
"n","spanish"
"nada","spanish"
"nadie","spanish"
"ni","spanish"
"ninguna","spanish"
"ningunas","spanish"
"ninguno","spanish"
"ningunos","spanish"
"ningún","spanish"
"no","spanish"
"nos","spanish"
"nosotras","spanish"
"nosotros","spanish"
"nuestra","spanish"
"nuestras","spanish"
"nuestro","spanish"
"nuestros","spanish"
"nueva","spanish"
"nuevas","spanish"
"nuevo","spanish"
"nuevos","spanish"
"nunca","spanish"
"o","spanish"
"ocho","spanish"
"os","spanish"
"otra","spanish"
"otras","spanish"
"otro","spanish"
"otros","spanish"
"p","spanish"
"pais","spanish"
"para","spanish"
"parece","spanish"
"parte","spanish"
"partir","spanish"
"pasada","spanish"
"pasado","spanish"
"paìs","spanish"
"peor","spanish"
"pero","spanish"
"pesar","spanish"
"poca","spanish"
"pocas","spanish"
"poco","spanish"
"pocos","spanish"
"podeis","spanish"
"podemos","spanish"
"poder","spanish"
"podria","spanish"
"podriais","spanish"
"podriamos","spanish"
"podrian","spanish"
"podrias","spanish"
"podra","spanish"
"podran","spanish"
"poner","spanish"
"por","spanish"
"que","spanish"
"porque","spanish"
"posible","spanish"
"primer","spanish"
"primera","spanish"
"primero","spanish"
"primeros","spanish"
"principalmente","spanish"
"pronto","spanish"
"propia","spanish"
"propias","spanish"
"propio","spanish"
"propios","spanish"
"proximo","spanish"
"proximos","spanish"
"pudo","spanish"
"pueda","spanish"
"puede","spanish"
"pueden","spanish"
"puedo","spanish"
"pues","spanish"
"q","spanish"
"qeu","spanish"
"quedo","spanish"
"queremos","spanish"
"quien","spanish"
"quienes","spanish"
"quiere","spanish"
"quiza","spanish"
"quizas","spanish"
"r","spanish"
"raras","spanish"
"realizado","spanish"
"realizar","spanish"
"realizo","spanish"
"repente","spanish"
"respecto","spanish"
"s","spanish"
"sabe","spanish"
"sabeis","spanish"
"sabemos","spanish"
"saben","spanish"
"saber","spanish"
"sabes","spanish"
"sal","spanish"
"salvo","spanish"
"se","spanish"
"sea","spanish"
"seamos","spanish"
"sean","spanish"
"seas","spanish"
"segun","spanish"
"segunda","spanish"
"segundo","spanish"
"según","spanish"
"seis","spanish"
"ser","spanish"
"sera","spanish"
"seremos","spanish"
"seran","spanish"
"seras","spanish"
"sere","spanish"
"sereis","spanish"
"seria","spanish"
"seriais","spanish"
"seriamos","spanish"
"serian","spanish"
"serias","spanish"
"seais","spanish"
"señalo","spanish"
"si","spanish"
"sido","spanish"
"siempre","spanish"
"siendo","spanish"
"siete","spanish"
"sigue","spanish"
"siguiente","spanish"
"sin","spanish"
"sino","spanish"
"sobre","spanish"
"sois","spanish"
"sola","spanish"
"solamente","spanish"
"solas","spanish"
"solo","spanish"
"solos","spanish"
"somos","spanish"
"son","spanish"
"soy","spanish"
"soyos","spanish"
"su","spanish"
"supuesto","spanish"
"sus","spanish"
"suya","spanish"
"suyas","spanish"
"suyo","spanish"
"suyos","spanish"
"t","spanish"
"tal","spanish"
"tambien","spanish"
"tampoco","spanish"
"tan","spanish"
"tanto","spanish"
"tarde","spanish"
"te","spanish"
"temprano","spanish"
"tendremos","spanish"
"tendra","spanish"
"tendran","spanish"
"tendras","spanish"
"tendre","spanish"
"tendreis","spanish"
"tendria","spanish"
"tendriais","spanish"
"tendriamos","spanish"
"tendrian","spanish"
"tendrias","spanish"
"tened","spanish"
"teneis","spanish"
"tenemos","spanish"
"tener","spanish"
"tenga","spanish"
"tengamos","spanish"
"tengan","spanish"
"tengas","spanish"
"tengo","spanish"
"tengais","spanish"
"tenida","spanish"
"tenidas","spanish"
"tenido","spanish"
"tenidos","spanish"
"teniendo","spanish"
"tenia","spanish"
"teniais","spanish"
"teniamos","spanish"
"tenian","spanish"
"tenias","spanish"
"tercera","spanish"
"ti","spanish"
"tiempo","spanish"
"tiene","spanish"
"tienen","spanish"
"tienes","spanish"
"toda","spanish"
"todas","spanish"
"todavia","spanish"
"todo","spanish"
"todos","spanish"
"total","spanish"
"trabaja","spanish"
"trabajais","spanish"
"trabajamos","spanish"
"trabajan","spanish"
"trabajar","spanish"
"trabajas","spanish"
"trabajo","spanish"
"tras","spanish"
"trata","spanish"
"traves","spanish"
"tres","spanish"
"tu","spanish"
"tus","spanish"
"tuve","spanish"
"tuviera","spanish"
"tuvierais","spanish"
"tuvieran","spanish"
"tuvieras","spanish"
"tuvieron","spanish"
"tuviese","spanish"
"tuvieseis","spanish"
"tuviesen","spanish"
"tuvieses","spanish"
"tuvimos","spanish"
"tuviste","spanish"
"tuvisteis","spanish"
"tuvieramos","spanish"
"tuviesemos","spanish"
"tuvo","spanish"
"tuya","spanish"
"tuyas","spanish"
"tuyo","spanish"
"tuyos","spanish"
"tú","spanish"
"u","spanish"
"ultimo","spanish"
"un","spanish"
"una","spanish"
"unas","spanish"
"uno","spanish"
"unos","spanish"
"usa","spanish"
"usais","spanish"
"usamos","spanish"
"usan","spanish"
"usar","spanish"
"usas","spanish"
"uso","spanish"
"usted","spanish"
"ustedes","spanish"
"v","spanish"
"va","spanish"
"vais","spanish"
"valor","spanish"
"vamos","spanish"
"van","spanish"
"varias","spanish"
"varios","spanish"
"vaya","spanish"
"veces","spanish"
"ver","spanish"
"verdad","spanish"
"verdadera","spanish"
"verdadero","spanish"
"vez","spanish"
"vosotras","spanish"
"vosotros","spanish"
"voy","spanish"
"vuestra","spanish"
"vuestras","spanish"
"vuestro","spanish"
"vuestros","spanish"
"w","spanish"
"x","spanish"
"y","spanish"
"ya","spanish"
"yo","spanish"
"z","spanish"
"última","spanish"
"últimas","spanish"
"último","spanish"
"últimos","spanish"
"aca","spanish"
"ajena","spanish"
"ajeno","spanish"
"ajenos","spanish"
"ajenas","spanish"
"algun","spanish"
"alla","spanish"
"cabe","spanish"
"cualquieras","spanish"
"cualquiera","spanish"
"cuan","spanish"
"dejar","spanish"
"demasiada","spanish"
"demasiados","spanish"
"demasiadas","spanish"
"eses","spanish"
"etc","spanish"
"jamas","spanish"
"juntos","spanish"
"muchisima","spanish"
"muchisimas","spanish"
"muchisimos","spanish"
"muchisimo","spanish"
"parecer","spanish"
"querer","spanish"
"quienesquiera","spanish"
"quienquiera","spanish"
"so","spanish"
"sr","spanish"
"sra","spanish"
"sres","spanish"
"sta","spanish"
"tales","spanish"
"tanta","spanish"
"tantos","spanish"
"tomar","spanish"
"a","english"
"a's","english"
"able","english"
"about","english"
"above","english"
"according","english"
"accordingly","english"
"across","english"
"actually","english"
"after","english"
"afterwards","english"
"again","english"
"against","english"
"ain't","english"
"all","english"
"allow","english"
"allows","english"
"almost","english"
"alone","english"
"along","english"
"already","english"
"also","english"
"although","english"
"always","english"
"am","english"
"among","english"
"amongst","english"
"an","english"
"and","english"
"another","english"
"any","english"
"anybody","english"
"anyhow","english"
"anyone","english"
"anything","english"
"anyway","english"
"anyways","english"
"anywhere","english"
"apart","english"
"appear","english"
"appreciate","english"
"appropriate","english"
"are","english"
"aren't","english"
"around","english"
"as","english"
"aside","english"
"ask","english"
"asking","english"
"associated","english"
"at","english"
"available","english"
"away","english"
"awfully","english"
"b","english"
"be","english"
"became","english"
"because","english"
"become","english"
"becomes","english"
"becoming","english"
"been","english"
"before","english"
"beforehand","english"
"behind","english"
"being","english"
"believe","english"
"below","english"
"beside","english"
"besides","english"
"best","english"
"better","english"
"between","english"
"beyond","english"
"both","english"
"brief","english"
"but","english"
"by","english"
"c","english"
"c'mon","english"
"c's","english"
"came","english"
"can","english"
"can't","english"
"cannot","english"
"cant","english"
"cause","english"
"causes","english"
"certain","english"
"certainly","english"
"changes","english"
"clearly","english"
"co","english"
"com","english"
"come","english"
"comes","english"
"concerning","english"
"consequently","english"
"consider","english"
"considering","english"
"contain","english"
"containing","english"
"contains","english"
"corresponding","english"
"could","english"
"couldn't","english"
"course","english"
"currently","english"
"d","english"
"definitely","english"
"described","english"
"despite","english"
"did","english"
"didn't","english"
"different","english"
"do","english"
"does","english"
"doesn't","english"
"doing","english"
"don't","english"
"done","english"
"down","english"
"downwards","english"
"during","english"
"e","english"
"each","english"
"edu","english"
"eg","english"
"eight","english"
"either","english"
"else","english"
"elsewhere","english"
"enough","english"
"entirely","english"
"especially","english"
"et","english"
"etc","english"
"even","english"
"ever","english"
"every","english"
"everybody","english"
"everyone","english"
"everything","english"
"everywhere","english"
"ex","english"
"exactly","english"
"example","english"
"except","english"
"f","english"
"far","english"
"few","english"
"fifth","english"
"first","english"
"five","english"
"followed","english"
"following","english"
"follows","english"
"for","english"
"former","english"
"formerly","english"
"forth","english"
"four","english"
"from","english"
"further","english"
"furthermore","english"
"g","english"
"get","english"
"gets","english"
"getting","english"
"given","english"
"gives","english"
"go","english"
"goes","english"
"going","english"
"gone","english"
"got","english"
"gotten","english"
"greetings","english"
"h","english"
"had","english"
"hadn't","english"
"happens","english"
"hardly","english"
"has","english"
"hasn't","english"
"have","english"
"haven't","english"
"having","english"
"he","english"
"he's","english"
"hello","english"
"help","english"
"hence","english"
"her","english"
"here","english"
"here's","english"
"hereafter","english"
"hereby","english"
"herein","english"
"hereupon","english"
"hers","english"
"herself","english"
"hi","english"
"him","english"
"himself","english"
"his","english"
"hither","english"
"hopefully","english"
"how","english"
"howbeit","english"
"however","english"
"i","english"
"i'd","english"
"i'll","english"
"i'm","english"
"i've","english"
"ie","english"
"if","english"
"ignored","english"
"immediate","english"
"in","english"
"inasmuch","english"
"inc","english"
"indeed","english"
"indicate","english"
"indicated","english"
"indicates","english"
"inner","english"
"insofar","english"
"instead","english"
"into","english"
"inward","english"
"is","english"
"isn't","english"
"it","english"
"it'd","english"
"it'll","english"
"it's","english"
"its","english"
"itself","english"
"j","english"
"just","english"
"k","english"
"keep","english"
"keeps","english"
"kept","english"
"know","english"
"knows","english"
"known","english"
"l","english"
"last","english"
"lately","english"
"later","english"
"latter","english"
"latterly","english"
"least","english"
"less","english"
"lest","english"
"let","english"
"let's","english"
"like","english"
"liked","english"
"likely","english"
"little","english"
"look","english"
"looking","english"
"looks","english"
"ltd","english"
"m","english"
"mainly","english"
"many","english"
"may","english"
"maybe","english"
"me","english"
"mean","english"
"meanwhile","english"
"merely","english"
"might","english"
"more","english"
"moreover","english"
"most","english"
"mostly","english"
"much","english"
"must","english"
"my","english"
"myself","english"
"n","english"
"name","english"
"namely","english"
"nd","english"
"near","english"
"nearly","english"
"necessary","english"
"need","english"
"needs","english"
"neither","english"
"never","english"
"nevertheless","english"
"new","english"
"next","english"
"nine","english"
"no","english"
"nobody","english"
"non","english"
"none","english"
"noone","english"
"nor","english"
"normally","english"
"not","english"
"nothing","english"
"novel","english"
"now","english"
"nowhere","english"
"o","english"
"obviously","english"
"of","english"
"off","english"
"often","english"
"oh","english"
"ok","english"
"okay","english"
"old","english"
"on","english"
"once","english"
"one","english"
"ones","english"
"only","english"
"onto","english"
"or","english"
"other","english"
"others","english"
"otherwise","english"
"ought","english"
"our","english"
"ours","english"
"ourselves","english"
"out","english"
"outside","english"
"over","english"
"overall","english"
"own","english"
"p","english"
"particular","english"
"particularly","english"
"per","english"
"perhaps","english"
"placed","english"
"please","english"
"plus","english"
"possible","english"
"presumably","english"
"probably","english"
"provides","english"
"q","english"
"que","english"
"quite","english"
"qv","english"
"r","english"
"rather","english"
"rd","english"
"re","english"
"really","english"
"reasonably","english"
"regarding","english"
"regardless","english"
"regards","english"
"relatively","english"
"respectively","english"
"right","english"
"s","english"
"said","english"
"same","english"
"saw","english"
"say","english"
"saying","english"
"says","english"
"second","english"
"secondly","english"
"see","english"
"seeing","english"
"seem","english"
"seemed","english"
"seeming","english"
"seems","english"
"seen","english"
"self","english"
"selves","english"
"sensible","english"
"sent","english"
"serious","english"
"seriously","english"
"seven","english"
"several","english"
"shall","english"
"she","english"
"should","english"
"shouldn't","english"
"since","english"
"six","english"
"so","english"
"some","english"
"somebody","english"
"somehow","english"
"someone","english"
"something","english"
"sometime","english"
"sometimes","english"
"somewhat","english"
"somewhere","english"
"soon","english"
"sorry","english"
"specified","english"
"specify","english"
"specifying","english"
"still","english"
"sub","english"
"such","english"
"sup","english"
"sure","english"
"t","english"
"t's","english"
"take","english"
"taken","english"
"tell","english"
"tends","english"
"th","english"
"than","english"
"thank","english"
"thanks","english"
"thanx","english"
"that","english"
"that's","english"
"thats","english"
"the","english"
"their","english"
"theirs","english"
"them","english"
"themselves","english"
"then","english"
"thence","english"
"there","english"
"there's","english"
"thereafter","english"
"thereby","english"
"therefore","english"
"therein","english"
"theres","english"
"thereupon","english"
"these","english"
"they","english"
"they'd","english"
"they'll","english"
"they're","english"
"they've","english"
"think","english"
"third","english"
"this","english"
"thorough","english"
"thoroughly","english"
"those","english"
"though","english"
"three","english"
"through","english"
"throughout","english"
"thru","english"
"thus","english"
"to","english"
"together","english"
"too","english"
"took","english"
"toward","english"
"towards","english"
"tried","english"
"tries","english"
"truly","english"
"try","english"
"trying","english"
"twice","english"
"two","english"
"u","english"
"un","english"
"under","english"
"unfortunately","english"
"unless","english"
"unlikely","english"
"until","english"
"unto","english"
"up","english"
"upon","english"
"us","english"
"use","english"
"used","english"
"useful","english"
"uses","english"
"using","english"
"usually","english"
"uucp","english"
"v","english"
"value","english"
"various","english"
"very","english"
"via","english"
"viz","english"
"vs","english"
"w","english"
"want","english"
"wants","english"
"was","english"
"wasn't","english"
"way","english"
"we","english"
"we'd","english"
"we'll","english"
"we're","english"
"we've","english"
"welcome","english"
"well","english"
"went","english"
"were","english"
"weren't","english"
"what","english"
"what's","english"
"whatever","english"
"when","english"
"whence","english"
"whenever","english"
"where","english"
"where's","english"
"whereafter","english"
"whereas","english"
"whereby","english"
"wherein","english"
"whereupon","english"
"wherever","english"
"whether","english"
"which","english"
"while","english"
"whither","english"
"who","english"
"who's","english"
"whoever","english"
"whole","english"
"whom","english"
"whose","english"
"why","english"
"will","english"
"willing","english"
"wish","english"
"with","english"
"within","english"
"without","english"
"won't","english"
"wonder","english"
"would","english"
"would","english"
"wouldn't","english"
"x","english"
"y","english"
"yes","english"
"yet","english"
"you","english"
"you'd","english"
"you'll","english"
"you're","english"
"you've","english"
"your","english"
"yours","english"
"yourself","english"
"yourselves","english"
"z","english"
"zero","english"
"i","english"
"me","english"
"my","english"
"myself","english"
"we","english"
"our","english"
"ours","english"
"ourselves","english"
"you","english"
"your","english"
"yours","english"
"yourself","english"
"yourselves","english"
"he","english"
"him","english"
"his","english"
"himself","english"
"she","english"
"her","english"
"hers","english"
"herself","english"
"it","english"
"its","english"
"itself","english"
"they","english"
"them","english"
"their","english"
"theirs","english"
"themselves","english"
"what","english"
"which","english"
"who","english"
"whom","english"
"this","english"
"that","english"
"these","english"
"those","english"
"am","english"
"is","english"
"are","english"
"was","english"
"were","english"
"be","english"
"been","english"
"being","english"
"have","english"
"has","english"
"had","english"
"having","english"
"do","english"
"does","english"
"did","english"
"doing","english"
"would","english"
"should","english"
"could","english"
"ought","english"
"i'm","english"
"you're","english"
"he's","english"
"she's","english"
"it's","english"
"we're","english"
"they're","english"
"i've","english"
"you've","english"
"we've","english"
"they've","english"
"i'd","english"
"you'd","english"
"he'd","english"
"she'd","english"
"we'd","english"
"they'd","english"
"i'll","english"
"you'll","english"
"he'll","english"
"she'll","english"
"we'll","english"
"they'll","english"
"isn't","english"
"aren't","english"
"wasn't","english"
"weren't","english"
"hasn't","english"
"haven't","english"
"hadn't","english"
"doesn't","english"
"don't","english"
"didn't","english"
"won't","english"
"wouldn't","english"
"shan't","english"
"shouldn't","english"
"can't","english"
"cannot","english"
"couldn't","english"
"mustn't","english"
"let's","english"
"that's","english"
"who's","english"
"what's","english"
"here's","english"
"there's","english"
"when's","english"
"where's","english"
"why's","english"
"how's","english"
"a","english"
"an","english"
"the","english"
"and","english"
"but","english"
"if","english"
"or","english"
"because","english"
"as","english"
"until","english"
"while","english"
"of","english"
"at","english"
"by","english"
"for","english"
"with","english"
"about","english"
"against","english"
"between","english"
"into","english"
"through","english"
"during","english"
"before","english"
"after","english"
"above","english"
"below","english"
"to","english"
"from","english"
"up","english"
"down","english"
"in","english"
"out","english"
"on","english"
"off","english"
"over","english"
"under","english"
"again","english"
"further","english"
"then","english"
"once","english"
"here","english"
"there","english"
"when","english"
"where","english"
"why","english"
"how","english"
"all","english"
"any","english"
"both","english"
"each","english"
"few","english"
"more","english"
"most","english"
"other","english"
"some","english"
"such","english"
"no","english"
"nor","english"
"not","english"
"only","english"
"own","english"
"same","english"
"so","english"
"than","english"
"too","english"
"very","english"
"a","english"
"about","english"
"above","english"
"across","english"
"after","english"
"again","english"
"against","english"
"all","english"
"almost","english"
"alone","english"
"along","english"
"already","english"
"also","english"
"although","english"
"always","english"
"among","english"
"an","english"
"and","english"
"another","english"
"any","english"
"anybody","english"
"anyone","english"
"anything","english"
"anywhere","english"
"are","english"
"area","english"
"areas","english"
"around","english"
"as","english"
"ask","english"
"asked","english"
"asking","english"
"asks","english"
"at","english"
"away","english"
"back","english"
"backed","english"
"backing","english"
"backs","english"
"be","english"
"became","english"
"because","english"
"become","english"
"becomes","english"
"been","english"
"before","english"
"began","english"
"behind","english"
"being","english"
"beings","english"
"best","english"
"better","english"
"between","english"
"big","english"
"both","english"
"but","english"
"by","english"
"came","english"
"can","english"
"cannot","english"
"case","english"
"cases","english"
"certain","english"
"certainly","english"
"clear","english"
"clearly","english"
"come","english"
"could","english"
"did","english"
"differ","english"
"different","english"
"differently","english"
"do","english"
"does","english"
"done","english"
"down","english"
"down","english"
"downed","english"
"downing","english"
"downs","english"
"during","english"
"each","english"
"early","english"
"either","english"
"end","english"
"ended","english"
"ending","english"
"ends","english"
"enough","english"
"even","english"
"evenly","english"
"ever","english"
"every","english"
"everybody","english"
"everyone","english"
"everything","english"
"everywhere","english"
"face","english"
"faces","english"
"fact","english"
"facts","english"
"far","english"
"felt","english"
"few","english"
"find","english"
"finds","english"
"first","english"
"for","english"
"four","english"
"from","english"
"full","english"
"fully","english"
"further","english"
"furthered","english"
"furthering","english"
"furthers","english"
"gave","english"
"general","english"
"generally","english"
"get","english"
"gets","english"
"give","english"
"given","english"
"gives","english"
"go","english"
"going","english"
"good","english"
"goods","english"
"got","english"
"great","english"
"greater","english"
"greatest","english"
"group","english"
"grouped","english"
"grouping","english"
"groups","english"
"had","english"
"has","english"
"have","english"
"having","english"
"he","english"
"her","english"
"here","english"
"herself","english"
"high","english"
"high","english"
"high","english"
"higher","english"
"highest","english"
"him","english"
"himself","english"
"his","english"
"how","english"
"however","english"
"i","english"
"if","english"
"important","english"
"in","english"
"interest","english"
"interested","english"
"interesting","english"
"interests","english"
"into","english"
"is","english"
"it","english"
"its","english"
"itself","english"
"just","english"
"keep","english"
"keeps","english"
"kind","english"
"knew","english"
"know","english"
"known","english"
"knows","english"
"large","english"
"largely","english"
"last","english"
"later","english"
"latest","english"
"least","english"
"less","english"
"let","english"
"lets","english"
"like","english"
"likely","english"
"long","english"
"longer","english"
"longest","english"
"made","english"
"make","english"
"making","english"
"man","english"
"many","english"
"may","english"
"me","english"
"member","english"
"members","english"
"men","english"
"might","english"
"more","english"
"most","english"
"mostly","english"
"mr","english"
"mrs","english"
"much","english"
"must","english"
"my","english"
"myself","english"
"necessary","english"
"need","english"
"needed","english"
"needing","english"
"needs","english"
"never","english"
"new","english"
"new","english"
"newer","english"
"newest","english"
"next","english"
"no","english"
"nobody","english"
"non","english"
"noone","english"
"not","english"
"nothing","english"
"now","english"
"nowhere","english"
"number","english"
"numbers","english"
"of","english"
"off","english"
"often","english"
"old","english"
"older","english"
"oldest","english"
"on","english"
"once","english"
"one","english"
"only","english"
"open","english"
"opened","english"
"opening","english"
"opens","english"
"or","english"
"order","english"
"ordered","english"
"ordering","english"
"orders","english"
"other","english"
"others","english"
"our","english"
"out","english"
"over","english"
"part","english"
"parted","english"
"parting","english"
"parts","english"
"per","english"
"perhaps","english"
"place","english"
"places","english"
"point","english"
"pointed","english"
"pointing","english"
"points","english"
"possible","english"
"present","english"
"presented","english"
"presenting","english"
"presents","english"
"problem","english"
"problems","english"
"put","english"
"puts","english"
"quite","english"
"rather","english"
"really","english"
"right","english"
"right","english"
"room","english"
"rooms","english"
"said","english"
"same","english"
"saw","english"
"say","english"
"says","english"
"second","english"
"seconds","english"
"see","english"
"seem","english"
"seemed","english"
"seeming","english"
"seems","english"
"sees","english"
"several","english"
"shall","english"
"she","english"
"should","english"
"show","english"
"showed","english"
"showing","english"
"shows","english"
"side","english"
"sides","english"
"since","english"
"small","english"
"smaller","english"
"smallest","english"
"some","english"
"somebody","english"
"someone","english"
"something","english"
"somewhere","english"
"state","english"
"states","english"
"still","english"
"still","english"
"such","english"
"sure","english"
"take","english"
"taken","english"
"than","english"
"that","english"
"the","english"
"their","english"
"them","english"
"then","english"
"there","english"
"therefore","english"
"these","english"
"they","english"
"thing","english"
"things","english"
"think","english"
"thinks","english"
"this","english"
"those","english"
"though","english"
"thought","english"
"thoughts","english"
"three","english"
"through","english"
"thus","english"
"to","english"
"today","english"
"together","english"
"too","english"
"took","english"
"toward","english"
"turn","english"
"turned","english"
"turning","english"
"turns","english"
"two","english"
"under","english"
"until","english"
"up","english"
"upon","english"
"us","english"
"use","english"
"used","english"
"uses","english"
"very","english"
"want","english"
"wanted","english"
"wanting","english"
"wants","english"
"was","english"
"way","english"
"ways","english"
"we","english"
"well","english"
"wells","english"
"went","english"
"were","english"
"what","english"
"when","english"
"where","english"
"whether","english"
"which","english"
"while","english"
"who","english"
"whole","english"
"whose","english"
"why","english"
"will","english"
"with","english"
"within","english"
"without","english"
"work","english"
"worked","english"
"working","english"
"works","english"
"would","english"
"year","english"
"years","english"
"yet","english"
"you","english"
"young","english"
"younger","english"
"yours","english"
"youngest","english"
"your","english"
"yours1","english"
"yours2","english"
